Exercise_Name,URL,Thumbnail_URL
Plank To Push Up,https://www.youtube.com/watch?v=56vUOad6Irs,https://i.ytimg.com/vi/56vUOad6Irs/hqdefault.jpg?sqp=-oaymwEcCNACELwBSFXyq4qpAw4IARUAAIhCGAFwAcABBg==&rs=AOn4CLDvkVCWr9pYIzkkarDzBhIaGNtFJQ
V Sit Up,https://www.youtube.com/watch?v=cSCyyfBti7U,https://i.ytimg.com/vi/cSCyyfBti7U/hqdefault.jpg?sqp=-oaymwEcCNACELwBSFXyq4qpAw4IARUAAIhCGAFwAcABBg==&rs=AOn4CLAU5D57lmxwXxqOt_6NLX8HQlJnDw
Pulse Sit Ups,https://www.youtube.com/watch?v=O8i7KeZqP9A,https://i.ytimg.com/vi/O8i7KeZqP9A/hqdefault.jpg?sqp=-oaymwEcCNACELwBSFXyq4qpAw4IARUAAIhCGAFwAcABBg==&rs=AOn4CLB5NPNO0gsO0qJ6laGA1gN_Hv7RoA
Swiss Ball Pikes,https://www.youtube.com/watch?v=vo3csqN6rpo,https://i.ytimg.com/vi/vo3csqN6rpo/hqdefault.jpg?sqp=-oaymwEcCNACELwBSFXyq4qpAw4IARUAAIhCGAFwAcABBg==&rs=AOn4CLBxep4-bD3NvSdBXyJYKhlSc96HSw
Sit Ups,https://www.youtube.com/watch?v=T3XsCC2Td1g,https://i.ytimg.com/vi/T3XsCC2Td1g/hqdefault.jpg?sqp=-oaymwEcCNACELwBSFXyq4qpAw4IARUAAIhCGAFwAcABBg==&rs=AOn4CLAo3t4ZJ0rallJXpBqjfCzxAw3Xhw
Swiss Ball Circles,https://www.youtube.com/watch?v=l03eQ2qu2a8,https://i.ytimg.com/vi/l03eQ2qu2a8/hqdefault.jpg?sqp=-oaymwEcCNACELwBSFXyq4qpAw4IARUAAIhCGAFwAcABBg==&rs=AOn4CLBasXptZJAIp8wI6pPs_LMLDcsdWA
Side Plank,https://www.youtube.com/watch?v=Oe9Tp9SvTCE,https://i.ytimg.com/vi/Oe9Tp9SvTCE/hqdefault.jpg?sqp=-oaymwEcCNACELwBSFXyq4qpAw4IARUAAIhCGAFwAcABBg==&rs=AOn4CLDeoCFf3uBiVIpSmOWaM3T8fkevNw
Plank,https://www.youtube.com/watch?v=q4rDeHYMcIg,https://i.ytimg.com/vi/q4rDeHYMcIg/hqdefault.jpg?sqp=-oaymwEcCNACELwBSFXyq4qpAw4IARUAAIhCGAFwAcABBg==&rs=AOn4CLAffy9CnfMLpNLv8VEkavW3YckrwQ
Ab Exercise - How to plank knee to elbow,https://www.youtube.com/watch?v=pI7uWJXcfPE,https://i.ytimg.com/vi/pI7uWJXcfPE/hqdefault.jpg?sqp=-oaymwEcCNACELwBSFXyq4qpAw4IARUAAIhCGAFwAcABBg==&rs=AOn4CLCn033mwQ_WPYXhfSzwZJiqKtsMIg
How To Plank From Knee (Modified Plank),https://www.youtube.com/watch?v=iDSHokfXqyA,https://i.ytimg.com/vi/iDSHokfXqyA/hqdefault.jpg?sqp=-oaymwEcCNACELwBSFXyq4qpAw4IARUAAIhCGAFwAcABBg==&rs=AOn4CLAqJzGoOLNzUKKFKYzN756Q_IajaA
Single Arm Curl (Bicep Curl),https://www.youtube.com/watch?v=Zl1eiQN5Dxs,https://i.ytimg.com/vi/Zl1eiQN5Dxs/hqdefault.jpg?sqp=-oaymwEcCNACELwBSFXyq4qpAw4IARUAAIhCGAFwAcABBg==&rs=AOn4CLAM_jepqIAF7xE4MzHXBBYeaNDP6w
n Overhead Tricep Extension,https://www.youtube.com/watch?v=9wxRhONFsRA,https://i.ytimg.com/vi/9wxRhONFsRA/hqdefault.jpg?sqp=-oaymwEcCNACELwBSFXyq4qpAw4IARUAAIhCGAFwAcABBg==&rs=AOn4CLBXAeiEpslcjXKmmRpoAh_wjY8zLA
Skull Crushers,https://www.youtube.com/watch?v=sDxcKjCqXAo,https://i.ytimg.com/vi/sDxcKjCqXAo/hqdefault.jpg?sqp=-oaymwEcCNACELwBSFXyq4qpAw4IARUAAIhCGAFwAcABBg==&rs=AOn4CLAJ6je9Hi-ubHPkj_9MgiaQQkxlWQ
Dumbbell Shoulder Press,https://www.youtube.com/watch?v=aI2hGzsAMXs,https://i.ytimg.com/vi/aI2hGzsAMXs/hqdefault.jpg?sqp=-oaymwEcCNACELwBSFXyq4qpAw4IARUAAIhCGAFwAcABBg==&rs=AOn4CLCauL1C7qM2uPFVFHrplDljeq_6tw
How To Tricep Press Up,https://www.youtube.com/watch?v=VKEbp4SUKmg,https://i.ytimg.com/vi/VKEbp4SUKmg/hqdefault.jpg?sqp=-oaymwEcCNACELwBSFXyq4qpAw4IARUAAIhCGAFwAcABBg==&rs=AOn4CLBhP-GzMUIuNskM65qhj60U6xU8BQ
How To Press Up From Knees (Modified Press Up),https://www.youtube.com/watch?v=X9sGmsGYYE0,https://i.ytimg.com/vi/X9sGmsGYYE0/hqdefault.jpg?sqp=-oaymwEcCNACELwBSFXyq4qpAw4IARUAAIhCGAFwAcABBg==&rs=AOn4CLB3Z4bwo_bMOljzvm-_4HQxUHLDyA
uble Arm Curl (Dumbbell Bicep Curl),https://www.youtube.com/watch?v=MtXdEcW3Eog,https://i.ytimg.com/vi/MtXdEcW3Eog/hqdefault.jpg?sqp=-oaymwEcCNACELwBSFXyq4qpAw4IARUAAIhCGAFwAcABBg==&rs=AOn4CLCkaewl4HeHSrIKC2wdt6uL32zp5A
Kettlebell Swing,https://www.youtube.com/watch?v=4JzSjWen6uI,https://i.ytimg.com/vi/4JzSjWen6uI/hqdefault.jpg?sqp=-oaymwEcCNACELwBSFXyq4qpAw4IARUAAIhCGAFwAcABBg==&rs=AOn4CLDSDwPHXCKicXRlXAhowc0OZC_R8Q
Mountain Climbers,https://www.youtube.com/watch?v=kLh-uczlPLg,https://i.ytimg.com/vi/kLh-uczlPLg/hqdefault.jpg?sqp=-oaymwEcCNACELwBSFXyq4qpAw4IARUAAIhCGAFwAcABBg==&rs=AOn4CLCMD6N7-7EdJbQ7ijcz_ZXqZ81Piw
Burpees,https://www.youtube.com/watch?v=1yPltRIm59E,https://i.ytimg.com/vi/1yPltRIm59E/hqdefault.jpg?sqp=-oaymwEcCNACELwBSFXyq4qpAw4IARUAAIhCGAFwAcABBg==&rs=AOn4CLB2ABsBQV9vy1cpPyHKnLgd106eTw
Forward Lunge,https://www.youtube.com/watch?v=g8-Ge9S0aUw,https://i.ytimg.com/vi/g8-Ge9S0aUw/hqdefault.jpg?sqp=-oaymwEcCNACELwBSFXyq4qpAw4IARUAAIhCGAFwAcABBg==&rs=AOn4CLC_sSCnkAx6Lt_TS1rL6Wo-ef4mjg
Glute Bridge,https://www.youtube.com/watch?v=tqp5XQPpTxY,https://i.ytimg.com/vi/tqp5XQPpTxY/hqdefault.jpg?sqp=-oaymwEcCNACELwBSFXyq4qpAw4IARUAAIhCGAFwAcABBg==&rs=AOn4CLCWYgVCuf4fjAvLzL-MBADbdxhDvQ
How To Reverse Lunge,https://www.youtube.com/watch?v=xrPteyQLGAo,https://i.ytimg.com/vi/xrPteyQLGAo/hqdefault.jpg?sqp=-oaymwEcCNACELwBSFXyq4qpAw4IARUAAIhCGAFwAcABBg==&rs=AOn4CLD8ZXFU4XZih8X1PyXM_g992PRaUg
Jumping Lunges,https://www.youtube.com/watch?v=O-rntsAALBo,https://i.ytimg.com/vi/O-rntsAALBo/hqdefault.jpg?sqp=-oaymwEcCNACELwBSFXyq4qpAw4IARUAAIhCGAFwAcABBg==&rs=AOn4CLBv_gNE_MNiIAOvlbRl8hJHi9l9MA
Barbell front squat,https://www.youtube.com/watch?v=Q1Ypb8ZNzI4,https://i.ytimg.com/vi/Q1Ypb8ZNzI4/hqdefault.jpg?sqp=-oaymwEcCNACELwBSFXyq4qpAw4IARUAAIhCGAFwAcABBg==&rs=AOn4CLD7hViLwyka5-hh4dK3OMJZePcefQ
Goblet squat,https://www.youtube.com/watch?v=zBV3ceGyAxw,https://i.ytimg.com/vi/zBV3ceGyAxw/hqdefault.jpg?sqp=-oaymwEcCNACELwBSFXyq4qpAw4IARUAAIhCGAFwAcABBg==&rs=AOn4CLAnwUtVWffNPHmMUmz_zf22U39nCQ
How To Jump Squat,https://www.youtube.com/watch?v=BRfxI2Es2lE,https://i.ytimg.com/vi/BRfxI2Es2lE/hqdefault.jpg?sqp=-oaymwEcCNACELwBSFXyq4qpAw4IARUAAIhCGAFwAcABBg==&rs=AOn4CLDVBOegsjxVqrmbIuwp0Ss2IYCYRQ
Broad Jumps,https://www.youtube.com/watch?v=uhz-ia-2UcM,https://i.ytimg.com/vi/uhz-ia-2UcM/hqdefault.jpg?sqp=-oaymwEcCNACELwBSFXyq4qpAw4IARUAAIhCGAFwAcABBg==&rs=AOn4CLDLYNoxtXWgfWKCxYLbrFr-WFCDSQ
Medicine Ball Slams,https://www.youtube.com/watch?v=DMrxbUgoZTg,https://i.ytimg.com/vi/DMrxbUgoZTg/hqdefault.jpg?sqp=-oaymwEcCNACELwBSFXyq4qpAw4IARUAAIhCGAFwAcABBg==&rs=AOn4CLDd0X1gJIkOr-cIMPPc3ioXGPtQDQ
Leg exercise -  Romanian Deadlift,https://www.youtube.com/watch?v=zU-f6DMCdAI,https://i.ytimg.com/vi/zU-f6DMCdAI/hqdefault.jpg?sqp=-oaymwEcCNACELwBSFXyq4qpAw4IARUAAIhCGAFwAcABBg==&rs=AOn4CLDTwByOhjWkg25gREZl5QqxZrRt0g
Press Ups,https://www.youtube.com/watch?v=Env8gAr_QnE,https://i.ytimg.com/vi/Env8gAr_QnE/hqdefault.jpg?sqp=-oaymwEcCNACELwBSFXyq4qpAw4IARUAAIhCGAFwAcABBg==&rs=AOn4CLC5wweMW1Z0NsAD2axRHjJw_oQfhQ
High Knees,https://www.youtube.com/watch?v=sTvekaq6vOU,https://i.ytimg.com/vi/sTvekaq6vOU/hqdefault.jpg?sqp=-oaymwEcCNACELwBSFXyq4qpAw4IARUAAIhCGAFwAcABBg==&rs=AOn4CLAm7u0yFSnCTapD5IwQBWMuScod7w
Sumo Squat,https://www.youtube.com/watch?v=qiQAsB0x-7k,https://i.ytimg.com/vi/qiQAsB0x-7k/hqdefault.jpg?sqp=-oaymwEcCNACELwBSFXyq4qpAw4IARUAAIhCGAFwAcABBg==&rs=AOn4CLCgmWGPb_Ubyf13wdMIM6SDD9qajQ
Barbell Back Squat,https://www.youtube.com/watch?v=rrJIyZGlK8c,https://i.ytimg.com/vi/rrJIyZGlK8c/hqdefault.jpg?sqp=-oaymwEcCNACELwBSFXyq4qpAw4IARUAAIhCGAFwAcABBg==&rs=AOn4CLBGzh7NHzRme5Nm17juGZnqPHyCrw
Hack Squats On The Hack Squat Machine,https://www.youtube.com/watch?v=scs5XcsZuc8,https://i.ytimg.com/vi/scs5XcsZuc8/hqdefault.jpg?sqp=-oaymwEcCNACELwBSFXyq4qpAw4IARUAAIhCGAFwAcABBg==&rs=AOn4CLCsxrA79sDHSjsp7-NHM1KLbk4qJw
Split Squat,https://www.youtube.com/watch?v=rlvpaDkc76g,https://i.ytimg.com/vi/rlvpaDkc76g/hqdefault.jpg?sqp=-oaymwEcCNACELwBSFXyq4qpAw4IARUAAIhCGAFwAcABBg==&rs=AOn4CLCn_BqXz3j-ZTzsPG9O3GB-AHkflw
LEG EXERCISE  - How to do the clock lunge,https://www.youtube.com/watch?v=qgyVlbiU5yE,https://i.ytimg.com/vi/qgyVlbiU5yE/hqdefault.jpg?sqp=-oaymwEcCNACELwBSFXyq4qpAw4IARUAAIhCGAFwAcABBg==&rs=AOn4CLDO_o9xeB8Yr0Bo_lEJ0d5Z9AT-vw
Lateral Lunges (Side Lunges),https://www.youtube.com/watch?v=apsp_uuXZTU,https://i.ytimg.com/vi/apsp_uuXZTU/hqdefault.jpg?sqp=-oaymwEcCNACELwBSFXyq4qpAw4IARUAAIhCGAFwAcABBg==&rs=AOn4CLAKRLmFuq-gG2HsYy7ds6motXtZpQ
Curtsy Lunge,https://www.youtube.com/watch?v=2EyH9MN7hYE,https://i.ytimg.com/vi/2EyH9MN7hYE/hqdefault.jpg?sqp=-oaymwEcCNACELwBSFXyq4qpAw4IARUAAIhCGAFwAcABBg==&rs=AOn4CLB5NGaukJllCeQJccC0mtQAjcKUpg
Walking Lunges,https://www.youtube.com/watch?v=mAgbXQdd4LM,https://i.ytimg.com/vi/mAgbXQdd4LM/hqdefault.jpg?sqp=-oaymwEcCNACELwBSFXyq4qpAw4IARUAAIhCGAFwAcABBg==&rs=AOn4CLCMsAyxAwOOd7eHroDIRG3cAZkqsA
Sprinter Lunges,https://www.youtube.com/watch?v=c0AVozbLZFQ,https://i.ytimg.com/vi/c0AVozbLZFQ/hqdefault.jpg?sqp=-oaymwEcCNACELwBSFXyq4qpAw4IARUAAIhCGAFwAcABBg==&rs=AOn4CLA9ntSObKf6YsM0Po5tCrXuTS-02g
Half Burpee (A Down Up),https://www.youtube.com/watch?v=XzCDSM0cdro,https://i.ytimg.com/vi/XzCDSM0cdro/hqdefault.jpg?sqp=-oaymwEcCNACELwBSFXyq4qpAw4IARUAAIhCGAFwAcABBg==&rs=AOn4CLAVL22exyPrzE1WL1txPZV60LrMEw
The Arnold Press,https://www.youtube.com/watch?v=jeJttN2EWCo,https://i.ytimg.com/vi/jeJttN2EWCo/hqdefault.jpg?sqp=-oaymwEcCNACELwBSFXyq4qpAw4IARUAAIhCGAFwAcABBg==&rs=AOn4CLCicZ0ZnnzU7GrzJa6LZ4VPEEv3kA
The Military Press,https://www.youtube.com/watch?v=43GSKivZnw4,https://i.ytimg.com/vi/43GSKivZnw4/hqdefault.jpg?sqp=-oaymwEcCNACELwBSFXyq4qpAw4IARUAAIhCGAFwAcABBg==&rs=AOn4CLBaaKBPkxuobEhqKaS8c5Q8PbKeAA
Shoulder Press,https://www.youtube.com/watch?v=GLrn1vVHz24,https://i.ytimg.com/vi/GLrn1vVHz24/hqdefault.jpg?sqp=-oaymwEcCNACELwBSFXyq4qpAw4IARUAAIhCGAFwAcABBg==&rs=AOn4CLB13LdngRyxmTKaA68oahjpELvung
Cable Curl,https://www.youtube.com/watch?v=GNlopToAZyg,https://i.ytimg.com/vi/GNlopToAZyg/hqdefault.jpg?sqp=-oaymwEcCNACELwBSFXyq4qpAw4IARUAAIhCGAFwAcABBg==&rs=AOn4CLCasfBsnCSIT2K2jDzWo_RND02Yaw
Concentration Curls,https://www.youtube.com/watch?v=llD6MImgqe8,https://i.ytimg.com/vi/llD6MImgqe8/hqdefault.jpg?sqp=-oaymwEcCNACELwBSFXyq4qpAw4IARUAAIhCGAFwAcABBg==&rs=AOn4CLAs97wa5TpDcCLRr0aUP62CkjFNAQ
Hammer Curls,https://www.youtube.com/watch?v=B4RznoFvTl4,https://i.ytimg.com/vi/B4RznoFvTl4/hqdefault.jpg?sqp=-oaymwEcCNACELwBSFXyq4qpAw4IARUAAIhCGAFwAcABBg==&rs=AOn4CLBhBTopGFhRaQfWnqhHzt9ipmabsw
Preacher Curls,https://www.youtube.com/watch?v=Zbs3ko8ycyg,https://i.ytimg.com/vi/Zbs3ko8ycyg/hqdefault.jpg?sqp=-oaymwEcCNACELwBSFXyq4qpAw4IARUAAIhCGAFwAcABBg==&rs=AOn4CLBFosdl2drXuahTQl1guYaZRUegsQ
Spider Curls,https://www.youtube.com/watch?v=9Dd8iiEUs_Q,https://i.ytimg.com/vi/9Dd8iiEUs_Q/hqdefault.jpg?sqp=-oaymwEcCNACELwBSFXyq4qpAw4IARUAAIhCGAFwAcABBg==&rs=AOn4CLDn3k_tJlUXlm72Kx4CWZWn3IhKrQ
Zottman Curl,https://www.youtube.com/watch?v=27l5XYDMNYQ,https://i.ytimg.com/vi/27l5XYDMNYQ/hqdefault.jpg?sqp=-oaymwEcCNACELwBSFXyq4qpAw4IARUAAIhCGAFwAcABBg==&rs=AOn4CLAOTrBukBp6oc2gpgGcsOuAgCb1Tg
How To  Do A Single Leg Glute Bridge,https://www.youtube.com/watch?v=sVfp4LN9niA,https://i.ytimg.com/vi/sVfp4LN9niA/hqdefault.jpg?sqp=-oaymwEcCNACELwBSFXyq4qpAw4IARUAAIhCGAFwAcABBg==&rs=AOn4CLAr9E_-J9HuO-8k_gGDXsnboAiPbA
Barbell Glute Bridge,https://www.youtube.com/watch?v=DQv1IMQDbE4,https://i.ytimg.com/vi/DQv1IMQDbE4/hqdefault.jpg?sqp=-oaymwEcCNACELwBSFXyq4qpAw4IARUAAIhCGAFwAcABBg==&rs=AOn4CLAEELJ7F289zhlfp-HGN80qD9JHaA
Bodyweight Hip Thrust,https://www.youtube.com/watch?v=7XuNzi5rcj4,https://i.ytimg.com/vi/7XuNzi5rcj4/hqdefault.jpg?sqp=-oaymwEcCNACELwBSFXyq4qpAw4IARUAAIhCGAFwAcABBg==&rs=AOn4CLDeoogb34xiolG6U89nPCvR5UuJiw
Barbell Hip Thrust,https://www.youtube.com/watch?v=aweBS7K71l8,https://i.ytimg.com/vi/aweBS7K71l8/hqdefault.jpg?sqp=-oaymwEcCNACELwBSFXyq4qpAw4IARUAAIhCGAFwAcABBg==&rs=AOn4CLAY5SxT5j57Aq6C7bxojsuCklijPA
n Overhead Kettlebell Swing (American Kettlebell Swing),https://www.youtube.com/watch?v=dUlk6ZmFtAU,https://i.ytimg.com/vi/dUlk6ZmFtAU/hqdefault.jpg?sqp=-oaymwEcCNACELwBSFXyq4qpAw4IARUAAIhCGAFwAcABBg==&rs=AOn4CLDKQkgq8FrmejJNjl4Wn0Aj7ydH4w
One Arm Kettlebell Swing,https://www.youtube.com/watch?v=sxtfgmzhXvE,https://i.ytimg.com/vi/sxtfgmzhXvE/hqdefault.jpg?sqp=-oaymwEcCNACELwBSFXyq4qpAw4IARUAAIhCGAFwAcABBg==&rs=AOn4CLAeNo_4DpJH1nOJk4Oo2XmokveE9g
Kettlebell Swing (Two Handed),https://www.youtube.com/watch?v=1FjAoO5McVI,https://i.ytimg.com/vi/1FjAoO5McVI/hqdefault.jpg?sqp=-oaymwEcCNACELwBSFXyq4qpAw4IARUAAIhCGAFwAcABBg==&rs=AOn4CLDCZpSGytR5Yf8J2ILEphwVV9WzOg
Glute Bridge With A Dumbbell,https://www.youtube.com/watch?v=cruqsnAyU6A,https://i.ytimg.com/vi/cruqsnAyU6A/hqdefault.jpg?sqp=-oaymwEcCNACELwBSFXyq4qpAw4IARUAAIhCGAFwAcABBg==&rs=AOn4CLATLhrNaClJ7p-xoefVq60t3N2bew
Tricep Kickback,https://www.youtube.com/watch?v=JPmbMOu4IYw,https://i.ytimg.com/vi/JPmbMOu4IYw/hqdefault.jpg?sqp=-oaymwEcCNACELwBSFXyq4qpAw4IARUAAIhCGAFwAcABBg==&rs=AOn4CLAAgt0tIdkSZsHfTAi8e2REJFay2g
Tricep Pushdown,https://www.youtube.com/watch?v=LXkCrxn3caQ,https://i.ytimg.com/vi/LXkCrxn3caQ/hqdefault.jpg?sqp=-oaymwEcCNACELwBSFXyq4qpAw4IARUAAIhCGAFwAcABBg==&rs=AOn4CLAhuxTsa-EPP5GLxFIt5dWV2AnwDQ
Bodyweight Tricep Dip,https://www.youtube.com/watch?v=qrS6aa0aQ9I,https://i.ytimg.com/vi/qrS6aa0aQ9I/hqdefault.jpg?sqp=-oaymwEcCNACELwBSFXyq4qpAw4IARUAAIhCGAFwAcABBg==&rs=AOn4CLCRjJRwy9CSE1CuTmauIa6lY5I8Pg
Decline Push Up,https://www.youtube.com/watch?v=QBlYp-EwHlo,https://i.ytimg.com/vi/QBlYp-EwHlo/hqdefault.jpg?sqp=-oaymwEcCNACELwBSFXyq4qpAw4IARUAAIhCGAFwAcABBg==&rs=AOn4CLDcfHb6LOmgLFmPG_xHBJKK2nM7-Q
Medicine Ball Push up,https://www.youtube.com/watch?v=-cqo-oailwk,https://i.ytimg.com/vi/-cqo-oailwk/hqdefault.jpg?sqp=-oaymwEcCNACELwBSFXyq4qpAw4IARUAAIhCGAFwAcABBg==&rs=AOn4CLDB-algw-uKaKaJBAAlIosJVLzXoA
Diamond Push up,https://www.youtube.com/watch?v=K8bKxVcwjrk,https://i.ytimg.com/vi/K8bKxVcwjrk/hqdefault.jpg?sqp=-oaymwEcCNACELwBSFXyq4qpAw4IARUAAIhCGAFwAcABBg==&rs=AOn4CLCNygxm7SkGFue1dbzivhs1Gn9CUA
Wide Grip Push up,https://www.youtube.com/watch?v=UFa702F5WnY,https://i.ytimg.com/vi/UFa702F5WnY/hqdefault.jpg?sqp=-oaymwEcCNACELwBSFXyq4qpAw4IARUAAIhCGAFwAcABBg==&rs=AOn4CLC4AWTAuabO2q8R-QrX5HrgoQyAlw
Spiderman Push Up,https://www.youtube.com/watch?v=O4ykWemt47k,https://i.ytimg.com/vi/O4ykWemt47k/hqdefault.jpg?sqp=-oaymwEcCNACELwBSFXyq4qpAw4IARUAAIhCGAFwAcABBg==&rs=AOn4CLBzc_ykX_9L-rAcPkW2uCehAJFl6w
Pike Push up,https://www.youtube.com/watch?v=9NLyrC2joJs,https://i.ytimg.com/vi/9NLyrC2joJs/hqdefault.jpg?sqp=-oaymwEcCNACELwBSFXyq4qpAw4IARUAAIhCGAFwAcABBg==&rs=AOn4CLAwsdu_dwbt7LAW_pXi6TzToF-DOw
n Incline Push Up,https://www.youtube.com/watch?v=yAbg3_pJKvw,https://i.ytimg.com/vi/yAbg3_pJKvw/hqdefault.jpg?sqp=-oaymwEcCNACELwBSFXyq4qpAw4IARUAAIhCGAFwAcABBg==&rs=AOn4CLCu6n44yqbfv_ESQ2JqkrdXzqr_FQ
One Arm Push up,https://www.youtube.com/watch?v=Al8P5s_D4Kc,https://i.ytimg.com/vi/Al8P5s_D4Kc/hqdefault.jpg?sqp=-oaymwEcCNACELwBSFXyq4qpAw4IARUAAIhCGAFwAcABBg==&rs=AOn4CLDi7GPkkAHAdiOXmg7iJDozwKSQEg
n Archer Push up,https://www.youtube.com/watch?v=wJKLatFY-aU,https://i.ytimg.com/vi/wJKLatFY-aU/hqdefault.jpg?sqp=-oaymwEcCNACELwBSFXyq4qpAw4IARUAAIhCGAFwAcABBg==&rs=AOn4CLA61cXzP_egSHl_kdLHYDJ633chqQ
Superman Push up,https://www.youtube.com/watch?v=rwJDRHKnVjk,https://i.ytimg.com/vi/rwJDRHKnVjk/hqdefault.jpg?sqp=-oaymwEcCNACELwBSFXyq4qpAw4IARUAAIhCGAFwAcABBg==&rs=AOn4CLDoTvI2Q0PbuJPHa1tXF11zYYsmtg
Reverse Grip Lat Pulldown,https://www.youtube.com/watch?v=SNiwpA13ZLU,https://i.ytimg.com/vi/SNiwpA13ZLU/hqdefault.jpg?sqp=-oaymwEcCNACELwBSFXyq4qpAw4IARUAAIhCGAFwAcABBg==&rs=AOn4CLBw2UtKA9AnHrQxG1PyITJPlyYMJw
Barbell Bent Over Row,https://www.youtube.com/watch?v=FsK19s8eGFs,https://i.ytimg.com/vi/FsK19s8eGFs/hqdefault.jpg?sqp=-oaymwEcCNACELwBSFXyq4qpAw4IARUAAIhCGAFwAcABBg==&rs=AOn4CLCk4vwIKpqf8ZSqbvDD0G4czQdy5Q
Close Grip Lat Pulldown,https://www.youtube.com/watch?v=IjoFCmLX7z0,https://i.ytimg.com/vi/IjoFCmLX7z0/hqdefault.jpg?sqp=-oaymwEcCNACELwBSFXyq4qpAw4IARUAAIhCGAFwAcABBg==&rs=AOn4CLDq4-mjIoDDNOveQnn4wgL8nhzzuw
Dumbbell Bent Over Row,https://www.youtube.com/watch?v=6gvmcqr226U,https://i.ytimg.com/vi/6gvmcqr226U/hqdefault.jpg?sqp=-oaymwEcCNACELwBSFXyq4qpAw4IARUAAIhCGAFwAcABBg==&rs=AOn4CLDPmeO8qyq1QWFOpmDowIqJnR5K7w
n Incline Dumbbell Row,https://www.youtube.com/watch?v=Nx0TzjgsI-0,https://i.ytimg.com/vi/Nx0TzjgsI-0/hqdefault.jpg?sqp=-oaymwEcCNACELwBSFXyq4qpAw4IARUAAIhCGAFwAcABBg==&rs=AOn4CLAH2DtuWJe5PO7Xsrc5W2J5eyUZoQ
Wide Grip Lat Pulldown,https://www.youtube.com/watch?v=7JnP8dFbS14,https://i.ytimg.com/vi/7JnP8dFbS14/hqdefault.jpg?sqp=-oaymwEcCNACELwBSFXyq4qpAw4IARUAAIhCGAFwAcABBg==&rs=AOn4CLBkAe_WmwVE9P622lCV_PclaSrrBA
Seated Cable Row,https://www.youtube.com/watch?v=lJoozxC0Rns,https://i.ytimg.com/vi/lJoozxC0Rns/hqdefault.jpg?sqp=-oaymwEcCNACELwBSFXyq4qpAw4IARUAAIhCGAFwAcABBg==&rs=AOn4CLBC52IMt--XT9kp5l1SuFBBiZdkyA
Barbell Bench Press Correctly,https://www.youtube.com/watch?v=CjHIKDQ4RQo,https://i.ytimg.com/vi/CjHIKDQ4RQo/hqdefault.jpg?sqp=-oaymwEcCNACELwBSFXyq4qpAw4IARUAAIhCGAFwAcABBg==&rs=AOn4CLD6xVb5pNPAk837yubZ6z9MjfH0jQ
Close Grip Barbell Bench Press,https://www.youtube.com/watch?v=DzA2xZhDGeo,https://i.ytimg.com/vi/DzA2xZhDGeo/hqdefault.jpg?sqp=-oaymwEcCNACELwBSFXyq4qpAw4IARUAAIhCGAFwAcABBg==&rs=AOn4CLCriG6Wt_gIxlLWl6TJSGOjxW2OYQ
Dumbbell Bench Press,https://www.youtube.com/watch?v=AduT4Eq-iP0,https://i.ytimg.com/vi/AduT4Eq-iP0/hqdefault.jpg?sqp=-oaymwEcCNACELwBSFXyq4qpAw4IARUAAIhCGAFwAcABBg==&rs=AOn4CLB-18VpwZqFGH2DzzobX6VUdQWZaw
Barbell Incline Bench Press,https://www.youtube.com/watch?v=2jFFCy8JBU8,https://i.ytimg.com/vi/2jFFCy8JBU8/hqdefault.jpg?sqp=-oaymwEcCNACELwBSFXyq4qpAw4IARUAAIhCGAFwAcABBg==&rs=AOn4CLDhF7yDXH8HiwrXT4pbn7c7BNAbhA
Dumbbell Incline Press,https://www.youtube.com/watch?v=oZVCBM9f8Eo,https://i.ytimg.com/vi/oZVCBM9f8Eo/hqdefault.jpg?sqp=-oaymwEcCNACELwBSFXyq4qpAw4IARUAAIhCGAFwAcABBg==&rs=AOn4CLAxYGBipCFz8A-UmXvPih7Tqg7C4g
Dumbbell Fly,https://www.youtube.com/watch?v=4nSCZj_Gxxo,https://i.ytimg.com/vi/4nSCZj_Gxxo/hqdefault.jpg?sqp=-oaymwEcCNACELwBSFXyq4qpAw4IARUAAIhCGAFwAcABBg==&rs=AOn4CLBQR0fQnhxYyrPLcB2GpA9I3LyM-g
[Private video],https://www.youtube.com/watch?v=g2I14mywcJo,https://i.ytimg.com/img/no_thumbnail.jpg
Low Cable Crossover,https://www.youtube.com/watch?v=wnFEC_34Bls,https://i.ytimg.com/vi/wnFEC_34Bls/hqdefault.jpg?sqp=-oaymwEcCNACELwBSFXyq4qpAw4IARUAAIhCGAFwAcABBg==&rs=AOn4CLCbzKnhIC4xs-Sk41Dv-5RMUi-GwA
Dumbbell Chest Fly,https://www.youtube.com/watch?v=Nhvz9EzdJ4U,https://i.ytimg.com/vi/Nhvz9EzdJ4U/hqdefault.jpg?sqp=-oaymwEcCNACELwBSFXyq4qpAw4IARUAAIhCGAFwAcABBg==&rs=AOn4CLBhOK-WlDdvDG3Aly_e0URPekbtvQ
n Incline Dumbbell Fly,https://www.youtube.com/watch?v=JSDpq14vCZ8,https://i.ytimg.com/vi/JSDpq14vCZ8/hqdefault.jpg?sqp=-oaymwEcCNACELwBSFXyq4qpAw4IARUAAIhCGAFwAcABBg==&rs=AOn4CLBDxT4MHC-YYKxya3mVsMXWPoNYXA
[Private video],https://www.youtube.com/watch?v=TQdNua6PItA,https://i.ytimg.com/img/no_thumbnail.jpg
Cable Fly/ Cable Crossover,https://www.youtube.com/watch?v=QcTcWpkn_bw,https://i.ytimg.com/vi/QcTcWpkn_bw/hqdefault.jpg?sqp=-oaymwEcCNACELwBSFXyq4qpAw4IARUAAIhCGAFwAcABBg==&rs=AOn4CLAk_mTN7UrXiMcoYrtzlJsRXdFseg
Lying Leg Curl (Prone Leg Curl),https://www.youtube.com/watch?v=SbSNUXPRkc8,https://i.ytimg.com/vi/SbSNUXPRkc8/hqdefault.jpg?sqp=-oaymwEcCNACELwBSFXyq4qpAw4IARUAAIhCGAFwAcABBg==&rs=AOn4CLB5EOnOPaQ28svh1vassfrcMkpzVQ
Barbell Good Morning,https://www.youtube.com/watch?v=nWyx81AfTos,https://i.ytimg.com/vi/nWyx81AfTos/hqdefault.jpg?sqp=-oaymwEcCNACELwBSFXyq4qpAw4IARUAAIhCGAFwAcABBg==&rs=AOn4CLDRbDv9dRjgfQt__JsDWYQGUWl0EQ
Leg Extension,https://www.youtube.com/watch?v=4ZDm5EbiFI8,https://i.ytimg.com/vi/4ZDm5EbiFI8/hqdefault.jpg?sqp=-oaymwEcCNACELwBSFXyq4qpAw4IARUAAIhCGAFwAcABBg==&rs=AOn4CLBlL87pXuvTHyAZakQVkix-7-R5gw
Single Leg Extension,https://www.youtube.com/watch?v=82IuSLk5zNc,https://i.ytimg.com/vi/82IuSLk5zNc/hqdefault.jpg?sqp=-oaymwEcCNACELwBSFXyq4qpAw4IARUAAIhCGAFwAcABBg==&rs=AOn4CLCpaNFEJ6GdKjH7z4iwEIF9KIHhBQ
Seated Leg Press,https://www.youtube.com/watch?v=qCR9bN3G1t4,https://i.ytimg.com/vi/qCR9bN3G1t4/hqdefault.jpg?sqp=-oaymwEcCNACELwBSFXyq4qpAw4IARUAAIhCGAFwAcABBg==&rs=AOn4CLAZcL4nv8-1lHupZi9WksPa81QyvQ
Single Leg Press,https://www.youtube.com/watch?v=sxF9BcDt-yY,https://i.ytimg.com/vi/sxF9BcDt-yY/hqdefault.jpg?sqp=-oaymwEcCNACELwBSFXyq4qpAw4IARUAAIhCGAFwAcABBg==&rs=AOn4CLDSjIY0IUS5O3Kr3qTyFr48C-oBFg
Calf Raises,https://www.youtube.com/watch?v=Zep-wKHWkNM,https://i.ytimg.com/vi/Zep-wKHWkNM/hqdefault.jpg?sqp=-oaymwEcCNACELwBSFXyq4qpAw4IARUAAIhCGAFwAcABBg==&rs=AOn4CLC6u5YI8G2-oeFwZwDPVtoLiPPbRQ
Seated Calf Raise,https://www.youtube.com/watch?v=3ZRe_QpvRPg,https://i.ytimg.com/vi/3ZRe_QpvRPg/hqdefault.jpg?sqp=-oaymwEcCNACELwBSFXyq4qpAw4IARUAAIhCGAFwAcABBg==&rs=AOn4CLCd1Dhk1T3WIybge3AiDLEjqa0lZw
Calf Raises On The Leg Press,https://www.youtube.com/watch?v=dhRz1Ns60Zg,https://i.ytimg.com/vi/dhRz1Ns60Zg/hqdefault.jpg?sqp=-oaymwEcCNACELwBSFXyq4qpAw4IARUAAIhCGAFwAcABBg==&rs=AOn4CLCD0hr8bc8rc0Dfk-nx4ix2cEMtgw
Single Leg Calf Raise,https://www.youtube.com/watch?v=IphGZ8OlfYg,https://i.ytimg.com/vi/IphGZ8OlfYg/hqdefault.jpg?sqp=-oaymwEcCNACELwBSFXyq4qpAw4IARUAAIhCGAFwAcABBg==&rs=AOn4CLCDkzpqwc3i7r5pPfM6RKiuvzj-GA
Dumbbell Front Raise,https://www.youtube.com/watch?v=zkP0MsTcIVU,https://i.ytimg.com/vi/zkP0MsTcIVU/hqdefault.jpg?sqp=-oaymwEcCNACELwBSFXyq4qpAw4IARUAAIhCGAFwAcABBg==&rs=AOn4CLCjVcs7yJ7I49x30UflGqNCiaW_5w
Front Plate Raises,https://www.youtube.com/watch?v=HN8HYJTOl8c,https://i.ytimg.com/vi/HN8HYJTOl8c/hqdefault.jpg?sqp=-oaymwEcCNACELwBSFXyq4qpAw4IARUAAIhCGAFwAcABBg==&rs=AOn4CLBuRD0ku2D_IhiF752EkZh6im8srg
Lateral Raises,https://www.youtube.com/watch?v=z-kOn7flIZg,https://i.ytimg.com/vi/z-kOn7flIZg/hqdefault.jpg?sqp=-oaymwEcCNACELwBSFXyq4qpAw4IARUAAIhCGAFwAcABBg==&rs=AOn4CLAauD850AZYsyuAo1NEom-KRr1DBQ
Cable Lateral Raises,https://www.youtube.com/watch?v=Z5FA9aq3L6A,https://i.ytimg.com/vi/Z5FA9aq3L6A/hqdefault.jpg?sqp=-oaymwEcCNACELwBSFXyq4qpAw4IARUAAIhCGAFwAcABBg==&rs=AOn4CLBSBx7J6fnyCYsqDfV_wQ9DdfSMlw
Upright Rows,https://www.youtube.com/watch?v=8UvsRWUb0YU,https://i.ytimg.com/vi/8UvsRWUb0YU/hqdefault.jpg?sqp=-oaymwEcCNACELwBSFXyq4qpAw4IARUAAIhCGAFwAcABBg==&rs=AOn4CLC7bYl2289pYxtgT5WIumOyHp9l3Q
Dumbbell Upright Rows,https://www.youtube.com/watch?v=Rd5AsxOGqss,https://i.ytimg.com/vi/Rd5AsxOGqss/hqdefault.jpg?sqp=-oaymwEcCNACELwBSFXyq4qpAw4IARUAAIhCGAFwAcABBg==&rs=AOn4CLAVFj5AeEtjr_IKUDjOAXOmQMMKCw
Cable Upright Rows,https://www.youtube.com/watch?v=WNz7O59GORA,https://i.ytimg.com/vi/WNz7O59GORA/hqdefault.jpg?sqp=-oaymwEcCNACELwBSFXyq4qpAw4IARUAAIhCGAFwAcABBg==&rs=AOn4CLBu58Ql8JXJG_FQmJfNPI30uzSGdA
Cable Rear Delt Flyes,https://www.youtube.com/watch?v=er15V96hG5U,https://i.ytimg.com/vi/er15V96hG5U/hqdefault.jpg?sqp=-oaymwEcCNACELwBSFXyq4qpAw4IARUAAIhCGAFwAcABBg==&rs=AOn4CLAoO_Vuyaaywb9khsC6UoT9kUalCg
Cable Face Pulls,https://www.youtube.com/watch?v=0Po47vvj9g4,https://i.ytimg.com/vi/0Po47vvj9g4/hqdefault.jpg?sqp=-oaymwEcCNACELwBSFXyq4qpAw4IARUAAIhCGAFwAcABBg==&rs=AOn4CLAPOldc2yNllAg7-l-ciKwxSpNNEQ
Cable Kickbacks,https://www.youtube.com/watch?v=SqO-VUEak2M,https://i.ytimg.com/vi/SqO-VUEak2M/hqdefault.jpg?sqp=-oaymwEcCNACELwBSFXyq4qpAw4IARUAAIhCGAFwAcABBg==&rs=AOn4CLCQt9ZLzjdgLmlOjRFzX-TZhXWm_w
Dumbbell Step Up,https://www.youtube.com/watch?v=DxUNi119Qzs,https://i.ytimg.com/vi/DxUNi119Qzs/hqdefault.jpg?sqp=-oaymwEcCNACELwBSFXyq4qpAw4IARUAAIhCGAFwAcABBg==&rs=AOn4CLBFMRGpgZbOBXk432sgb3CPA2KCRw
Seated Chest Press,https://www.youtube.com/watch?v=CIykDiF4sfg,https://i.ytimg.com/vi/CIykDiF4sfg/hqdefault.jpg?sqp=-oaymwEcCNACELwBSFXyq4qpAw4IARUAAIhCGAFwAcABBg==&rs=AOn4CLBMyuic_HjwAEyGVl7WpyMnY_eLpA
Bulgarian Split Squats,https://www.youtube.com/watch?v=TEXl2b3__S4,https://i.ytimg.com/vi/TEXl2b3__S4/hqdefault.jpg?sqp=-oaymwEcCNACELwBSFXyq4qpAw4IARUAAIhCGAFwAcABBg==&rs=AOn4CLAazfTq_Fqh1V0DSxoclu64vdIO_w
Single Leg Deadlift,https://www.youtube.com/watch?v=hk80eAoQshc,https://i.ytimg.com/vi/hk80eAoQshc/hqdefault.jpg?sqp=-oaymwEcCNACELwBSFXyq4qpAw4IARUAAIhCGAFwAcABBg==&rs=AOn4CLApeMno30RV-hQ59_ZzO_7_hr6Mrw
Barbell Shoulder Press,https://www.youtube.com/watch?v=Y0Bxr57uPbk,https://i.ytimg.com/vi/Y0Bxr57uPbk/hqdefault.jpg?sqp=-oaymwEcCNACELwBSFXyq4qpAw4IARUAAIhCGAFwAcABBg==&rs=AOn4CLBFWZmYVwx6rKYiWknLnwN19LoHRQ
Barbell Front Raise,https://www.youtube.com/watch?v=_od0CCC6DEM,https://i.ytimg.com/vi/_od0CCC6DEM/hqdefault.jpg?sqp=-oaymwEcCNACELwBSFXyq4qpAw4IARUAAIhCGAFwAcABBg==&rs=AOn4CLCBkPwLEg0WesLsFttCJ4jIziAivw
Cable Front Raise,https://www.youtube.com/watch?v=vtH93qBItdk,https://i.ytimg.com/vi/vtH93qBItdk/hqdefault.jpg?sqp=-oaymwEcCNACELwBSFXyq4qpAw4IARUAAIhCGAFwAcABBg==&rs=AOn4CLC9kxdC4N7MvaR-0tuC6JXKsrFwHA
Barbell Wide Grip Upright Row,https://www.youtube.com/watch?v=Xpu0C50pD-U,https://i.ytimg.com/vi/Xpu0C50pD-U/hqdefault.jpg?sqp=-oaymwEcCNACELwBSFXyq4qpAw4IARUAAIhCGAFwAcABBg==&rs=AOn4CLCPuBXRaIJqQwTmTuSJKo-ocyX2Sw
Rear Delt Fly,https://www.youtube.com/watch?v=nlkF7_2O_Lw,https://i.ytimg.com/vi/nlkF7_2O_Lw/hqdefault.jpg?sqp=-oaymwEcCNACELwBSFXyq4qpAw4IARUAAIhCGAFwAcABBg==&rs=AOn4CLAjxyEL72czcFdsYWl_hCqg8In5kA
Y Raises (Incline),https://www.youtube.com/watch?v=gDHQX1iend4,https://i.ytimg.com/vi/gDHQX1iend4/hqdefault.jpg?sqp=-oaymwEcCNACELwBSFXyq4qpAw4IARUAAIhCGAFwAcABBg==&rs=AOn4CLCPxj9tIP5N-ejO6rIL4QHDwDdi3w
Seated Lateral Raise,https://www.youtube.com/watch?v=xDrYB81QXmY,https://i.ytimg.com/vi/xDrYB81QXmY/hqdefault.jpg?sqp=-oaymwEcCNACELwBSFXyq4qpAw4IARUAAIhCGAFwAcABBg==&rs=AOn4CLBlKVhtR_y9oebKkIvRFMkRhZiVhQ
Seated Good Morning,https://www.youtube.com/watch?v=odZqvU3KCS8,https://i.ytimg.com/vi/odZqvU3KCS8/hqdefault.jpg?sqp=-oaymwEcCNACELwBSFXyq4qpAw4IARUAAIhCGAFwAcABBg==&rs=AOn4CLA1Gk66848ayjsl09uDnCJ9PCqb2Q
Dumbbell Good Morning,https://www.youtube.com/watch?v=wUbsMNkkpLk,https://i.ytimg.com/vi/wUbsMNkkpLk/hqdefault.jpg?sqp=-oaymwEcCNACELwBSFXyq4qpAw4IARUAAIhCGAFwAcABBg==&rs=AOn4CLCI5zMQLSITRkMsclH-6YpYSw-JqQ
Swiss Ball Hamstring Curls,https://www.youtube.com/watch?v=rqRQJ2ji3qw,https://i.ytimg.com/vi/rqRQJ2ji3qw/hqdefault.jpg?sqp=-oaymwEcCNACELwBSFXyq4qpAw4IARUAAIhCGAFwAcABBg==&rs=AOn4CLDIXVNzr4nlEW6yisdRQahfTmlVFQ
How To Use The Seated Hip Abductor (Outer Thigh),https://www.youtube.com/watch?v=G_8LItOiZ0Q,https://i.ytimg.com/vi/G_8LItOiZ0Q/hqdefault.jpg?sqp=-oaymwEcCNACELwBSFXyq4qpAw4IARUAAIhCGAFwAcABBg==&rs=AOn4CLA_1qHW8W0HXKaCsd6WSmUkWfHjGw
How To Use The Seated Thigh Adduction (Hip Adduction) Machine,https://www.youtube.com/watch?v=CjAVezAggkI,https://i.ytimg.com/vi/CjAVezAggkI/hqdefault.jpg?sqp=-oaymwEcCNACELwBSFXyq4qpAw4IARUAAIhCGAFwAcABBg==&rs=AOn4CLACyqQYcuLZ8TNN3DxKQ1OVpkdnGg
Donkey Kicks,https://www.youtube.com/watch?v=EtSJ8rwm5M8,https://i.ytimg.com/vi/EtSJ8rwm5M8/hqdefault.jpg?sqp=-oaymwEcCNACELwBSFXyq4qpAw4IARUAAIhCGAFwAcABBg==&rs=AOn4CLBDxJCHtjHPHahQoDwZ4W4vWwlLuA
Barbell Step Ups,https://www.youtube.com/watch?v=hbIMKzHuglA,https://i.ytimg.com/vi/hbIMKzHuglA/hqdefault.jpg?sqp=-oaymwEcCNACELwBSFXyq4qpAw4IARUAAIhCGAFwAcABBg==&rs=AOn4CLD2PaKPr2frL8w4K3VohrI_TrpAzg
Side Step Ups,https://www.youtube.com/watch?v=baKJg6iQ_Ww,https://i.ytimg.com/vi/baKJg6iQ_Ww/hqdefault.jpg?sqp=-oaymwEcCNACELwBSFXyq4qpAw4IARUAAIhCGAFwAcABBg==&rs=AOn4CLC09JpNH3TTEaFr14_ckl3NeGKuWA
Cable Chest Press,https://www.youtube.com/watch?v=sh92B-_2O48,https://i.ytimg.com/vi/sh92B-_2O48/hqdefault.jpg?sqp=-oaymwEcCNACELwBSFXyq4qpAw4IARUAAIhCGAFwAcABBg==&rs=AOn4CLAJu4Slr37zAER9AWhjOxslGQhZjg
How To Use The Chest Fly Machine,https://www.youtube.com/watch?v=eGjt4lk6g34,https://i.ytimg.com/vi/eGjt4lk6g34/hqdefault.jpg?sqp=-oaymwEcCNACELwBSFXyq4qpAw4IARUAAIhCGAFwAcABBg==&rs=AOn4CLBbxUKpb1ZRkiiSCsX-hSHaXUvYyQ
How To Decline Dumbbell Press,https://www.youtube.com/watch?v=4R_GwRhG0rY,https://i.ytimg.com/vi/4R_GwRhG0rY/hqdefault.jpg?sqp=-oaymwEcCNACELwBSFXyq4qpAw4IARUAAIhCGAFwAcABBg==&rs=AOn4CLCNotiwcQyiueHbh5YRZKbcIjoVeg
Decline Dumbell Fly,https://www.youtube.com/watch?v=7NlIkLqcgnw,https://i.ytimg.com/vi/7NlIkLqcgnw/hqdefault.jpg?sqp=-oaymwEcCNACELwBSFXyq4qpAw4IARUAAIhCGAFwAcABBg==&rs=AOn4CLDMSowDOg0I34BJx8oeBeadQvOn-Q
Dumbbell Squeeze Press,https://www.youtube.com/watch?v=1iQt5BwSWYg,https://i.ytimg.com/vi/1iQt5BwSWYg/hqdefault.jpg?sqp=-oaymwEcCNACELwBSFXyq4qpAw4IARUAAIhCGAFwAcABBg==&rs=AOn4CLDbUp5RBhh7A04ERV1ssOmpSXm1Hw
Russian Twist,https://www.youtube.com/watch?v=99T1EfpMwPA,https://i.ytimg.com/vi/99T1EfpMwPA/hqdefault.jpg?sqp=-oaymwEcCNACELwBSFXyq4qpAw4IARUAAIhCGAFwAcABBg==&rs=AOn4CLCGAlG_6UAuQcwD14k15prbZKhn3Q
Wall Sit,https://www.youtube.com/watch?v=6Li55TURhVg,https://i.ytimg.com/vi/6Li55TURhVg/hqdefault.jpg?sqp=-oaymwEcCNACELwBSFXyq4qpAw4IARUAAIhCGAFwAcABBg==&rs=AOn4CLCATsWcOl_cULc6BMEpYF1G2g8cIQ
Single Leg Wall Sits,https://www.youtube.com/watch?v=pdWD9gvAGps,https://i.ytimg.com/vi/pdWD9gvAGps/hqdefault.jpg?sqp=-oaymwEcCNACELwBSFXyq4qpAw4IARUAAIhCGAFwAcABBg==&rs=AOn4CLBIUYsODlyqeBF75UoPR0eSh3m3eQ
Farmer's Walk (Farmer's Carry),https://www.youtube.com/watch?v=8OtwXwrJizk,https://i.ytimg.com/vi/8OtwXwrJizk/hqdefault.jpg?sqp=-oaymwEcCNACELwBSFXyq4qpAw4IARUAAIhCGAFwAcABBg==&rs=AOn4CLCUiodikBu7ealGKETEkGRl05hDOA
Plate Pinches,https://www.youtube.com/watch?v=jFTV3DQf3HE,https://i.ytimg.com/vi/jFTV3DQf3HE/hqdefault.jpg?sqp=-oaymwEcCNACELwBSFXyq4qpAw4IARUAAIhCGAFwAcABBg==&rs=AOn4CLCGHBGfbyooiIOrBbWS4BR8ZUoYGg
Wrist Curls,https://www.youtube.com/watch?v=3VLTzIrnb5g,https://i.ytimg.com/vi/3VLTzIrnb5g/hqdefault.jpg?sqp=-oaymwEcCNACELwBSFXyq4qpAw4IARUAAIhCGAFwAcABBg==&rs=AOn4CLChyRipxOMoT-ikgpDutVvi6RztVA
Wrist Extensions,https://www.youtube.com/watch?v=UcwgCTkVvIQ,https://i.ytimg.com/vi/UcwgCTkVvIQ/hqdefault.jpg?sqp=-oaymwEcCNACELwBSFXyq4qpAw4IARUAAIhCGAFwAcABBg==&rs=AOn4CLAto9NQ_YiM03Tfsrwo8ygj-iKeLA
B Stance Deadlift,https://www.youtube.com/watch?v=mKze3D0crY8,https://i.ytimg.com/vi/mKze3D0crY8/hqdefault.jpg?sqp=-oaymwEcCNACELwBSFXyq4qpAw4IARUAAIhCGAFwAcABBg==&rs=AOn4CLCJ8SvxsPWba6S_aEK4oQokczC-zw
n Overhead Squat,https://www.youtube.com/watch?v=hwTmhZs0jSY,https://i.ytimg.com/vi/hwTmhZs0jSY/hqdefault.jpg?sqp=-oaymwEcCNACELwBSFXyq4qpAw4IARUAAIhCGAFwAcABBg==&rs=AOn4CLC6V37mc_aV7CpL40CD-cVDN2bFlg
Pistol Squats,https://www.youtube.com/watch?v=TvYYJMAGtcA,https://i.ytimg.com/vi/TvYYJMAGtcA/hqdefault.jpg?sqp=-oaymwEcCNACELwBSFXyq4qpAw4IARUAAIhCGAFwAcABBg==&rs=AOn4CLDMiDRTkVf7E62JFL6nhKZgpk1YQw
Prisoner Squats,https://www.youtube.com/watch?v=bAhzgJ5Ayu0,https://i.ytimg.com/vi/bAhzgJ5Ayu0/hqdefault.jpg?sqp=-oaymwEcCNACELwBSFXyq4qpAw4IARUAAIhCGAFwAcABBg==&rs=AOn4CLCuRkKX1D1I4pgHhGtTTRbhue-0sQ
Pulse Squats,https://www.youtube.com/watch?v=QV0KBKANprw,https://i.ytimg.com/vi/QV0KBKANprw/hqdefault.jpg?sqp=-oaymwEcCNACELwBSFXyq4qpAw4IARUAAIhCGAFwAcABBg==&rs=AOn4CLD4qt_CIn05CyAiz7YzFKNvTFQFGA
Suitcase Squats,https://www.youtube.com/watch?v=3zOtNKXkyt0,https://i.ytimg.com/vi/3zOtNKXkyt0/hqdefault.jpg?sqp=-oaymwEcCNACELwBSFXyq4qpAw4IARUAAIhCGAFwAcABBg==&rs=AOn4CLDaYnpmqC7Bhsf1TIRJQXMwecZfDg
Zercher Squat,https://www.youtube.com/watch?v=_fXBhqQWj64,https://i.ytimg.com/vi/_fXBhqQWj64/hqdefault.jpg?sqp=-oaymwEcCNACELwBSFXyq4qpAw4IARUAAIhCGAFwAcABBg==&rs=AOn4CLDIoYy5iJ2xUy7mSXziQS6dGZ7pcw
Landmine Squat,https://www.youtube.com/watch?v=YxaXaZxVcDU,https://i.ytimg.com/vi/YxaXaZxVcDU/hqdefault.jpg?sqp=-oaymwEcCNACELwBSFXyq4qpAw4IARUAAIhCGAFwAcABBg==&rs=AOn4CLC0a2TH006lnXomqG9O-RIa68lVeQ
Single Arm Dumbbell Chest Press,https://www.youtube.com/watch?v=Os9UeL_YZPw,https://i.ytimg.com/vi/Os9UeL_YZPw/hqdefault.jpg?sqp=-oaymwEcCNACELwBSFXyq4qpAw4IARUAAIhCGAFwAcABBg==&rs=AOn4CLDxhYz7npDbLlbxakWdj-0ZYw_rCg
lternating Dumbbell Chest Press,https://www.youtube.com/watch?v=SUiOgJhwPEg,https://i.ytimg.com/vi/SUiOgJhwPEg/hqdefault.jpg?sqp=-oaymwEcCNACELwBSFXyq4qpAw4IARUAAIhCGAFwAcABBg==&rs=AOn4CLALoxbJjDaNsALR_F-bk_KTa7Ma7g
Single Arm Landmine Press,https://www.youtube.com/watch?v=TY_zsi0kOyI,https://i.ytimg.com/vi/TY_zsi0kOyI/hqdefault.jpg?sqp=-oaymwEcCNACELwBSFXyq4qpAw4IARUAAIhCGAFwAcABBg==&rs=AOn4CLCrhWSLYbaPf4OiwPFdtdbSrsOR6A
Landmine Chest Press,https://www.youtube.com/watch?v=6sH6vyWduNU,https://i.ytimg.com/vi/6sH6vyWduNU/hqdefault.jpg?sqp=-oaymwEcCNACELwBSFXyq4qpAw4IARUAAIhCGAFwAcABBg==&rs=AOn4CLDK-n2PvX3Xr1PXdp0uomm-7ZHypg
Neutral Grip Dumbbell Press,https://www.youtube.com/watch?v=fZuQpjhaR_M,https://i.ytimg.com/vi/fZuQpjhaR_M/hqdefault.jpg?sqp=-oaymwEcCNACELwBSFXyq4qpAw4IARUAAIhCGAFwAcABBg==&rs=AOn4CLAeeo7iFeqAK_6SqLKzRm0NI2yIDQ
Dumbbell Floor Press,https://www.youtube.com/watch?v=T0Y3OBF1bNI,https://i.ytimg.com/vi/T0Y3OBF1bNI/hqdefault.jpg?sqp=-oaymwEcCNACELwBSFXyq4qpAw4IARUAAIhCGAFwAcABBg==&rs=AOn4CLC_GacVTYQ4MFxplPcBAQr8xrHTsQ
Seated Shoulder Press,https://www.youtube.com/watch?v=TsduLWuhlFM,https://i.ytimg.com/vi/TsduLWuhlFM/hqdefault.jpg?sqp=-oaymwEcCNACELwBSFXyq4qpAw4IARUAAIhCGAFwAcABBg==&rs=AOn4CLBaowKLDHcu_XklhchtzxeDDXKL6g
Barbell Push Press,https://www.youtube.com/watch?v=HKx22sWywxc,https://i.ytimg.com/vi/HKx22sWywxc/hqdefault.jpg?sqp=-oaymwEcCNACELwBSFXyq4qpAw4IARUAAIhCGAFwAcABBg==&rs=AOn4CLAXkYbTvTW5mcMfpS2NIE0yBq3UTQ
Single Arm Landmine Press,https://www.youtube.com/watch?v=qPxvgth0dQQ,https://i.ytimg.com/vi/qPxvgth0dQQ/hqdefault.jpg?sqp=-oaymwEcCNACELwBSFXyq4qpAw4IARUAAIhCGAFwAcABBg==&rs=AOn4CLBHJdbpbDik-OvCInz_JZGUFWQjgA
Z Press,https://www.youtube.com/watch?v=zIOTYPL6o4Q,https://i.ytimg.com/vi/zIOTYPL6o4Q/hqdefault.jpg?sqp=-oaymwEcCNACELwBSFXyq4qpAw4IARUAAIhCGAFwAcABBg==&rs=AOn4CLA-H105EqjPNUb83hVVbhjM6UDAUw
How To Use The Shoulder Press Machine,https://www.youtube.com/watch?v=GcY6TZxfS0k,https://i.ytimg.com/vi/GcY6TZxfS0k/hqdefault.jpg?sqp=-oaymwEcCNACELwBSFXyq4qpAw4IARUAAIhCGAFwAcABBg==&rs=AOn4CLDYQc6FocwPrR_boMJelEsYA7nXTQ
Barbell Bicep Curl,https://www.youtube.com/watch?v=N5x5M1x1Gd0,https://i.ytimg.com/vi/N5x5M1x1Gd0/hqdefault.jpg?sqp=-oaymwEcCNACELwBSFXyq4qpAw4IARUAAIhCGAFwAcABBg==&rs=AOn4CLDRh7lZK3cn8Ryr5X7u2WuA8eU2kQ
Incline Bicep Curls,https://www.youtube.com/watch?v=XVQBeug_9LU,https://i.ytimg.com/vi/XVQBeug_9LU/hqdefault.jpg?sqp=-oaymwEcCNACELwBSFXyq4qpAw4IARUAAIhCGAFwAcABBg==&rs=AOn4CLBRiJ3n2gg4cV5AkYKUHzAGYLXKvg
Reverse Curls (Pronated Bicep Curl),https://www.youtube.com/watch?v=X5df_LHBVKQ,https://i.ytimg.com/vi/X5df_LHBVKQ/hqdefault.jpg?sqp=-oaymwEcCNACELwBSFXyq4qpAw4IARUAAIhCGAFwAcABBg==&rs=AOn4CLD4hOM4zEX7XNvk4pJEgpeMqu9LEA
High to Low Cable Fly/ Cable Crossover,https://www.youtube.com/watch?v=hhruLxo9yZU,https://i.ytimg.com/vi/hhruLxo9yZU/hqdefault.jpg?sqp=-oaymwEcCNACELwBSFXyq4qpAw4IARUAAIhCGAFwAcABBg==&rs=AOn4CLDQtyyl09IqPV1tT8hbEuwNaJsgMQ
Seated Cable Flys,https://www.youtube.com/watch?v=VgKCIZgca58,https://i.ytimg.com/vi/VgKCIZgca58/hqdefault.jpg?sqp=-oaymwEcCNACELwBSFXyq4qpAw4IARUAAIhCGAFwAcABBg==&rs=AOn4CLCIHI0Pl_cXxp2Wv9UcYw6pNXK-Fg
Single Arm Dumbbell Fly,https://www.youtube.com/watch?v=07K2vAqFMfE,https://i.ytimg.com/vi/07K2vAqFMfE/hqdefault.jpg?sqp=-oaymwEcCNACELwBSFXyq4qpAw4IARUAAIhCGAFwAcABBg==&rs=AOn4CLDkDgeOfdP-utKDiYN7nQXIY-qvXQ
Dumbbell Floor Fly,https://www.youtube.com/watch?v=bgC53-J-6gA,https://i.ytimg.com/vi/bgC53-J-6gA/hqdefault.jpg?sqp=-oaymwEcCNACELwBSFXyq4qpAw4IARUAAIhCGAFwAcABBg==&rs=AOn4CLDZrmP_odildZ3rtU3DC71QpWMJ-w
TRX Rows,https://www.youtube.com/watch?v=yCuSGoe1gjY,https://i.ytimg.com/vi/yCuSGoe1gjY/hqdefault.jpg?sqp=-oaymwEcCNACELwBSFXyq4qpAw4IARUAAIhCGAFwAcABBg==&rs=AOn4CLA8FQAkWXoRSyJxOymZ3xRQv61wHg
Pendlay Row,https://www.youtube.com/watch?v=Wv7f0uIKh8o,https://i.ytimg.com/vi/Wv7f0uIKh8o/hqdefault.jpg?sqp=-oaymwEcCNACELwBSFXyq4qpAw4IARUAAIhCGAFwAcABBg==&rs=AOn4CLC-TKjwe4IRbbaV2BAkMuedEhsEFQ
Inverted Rows,https://www.youtube.com/watch?v=0AsxBmXeOIo,https://i.ytimg.com/vi/0AsxBmXeOIo/hqdefault.jpg?sqp=-oaymwEcCNACELwBSFXyq4qpAw4IARUAAIhCGAFwAcABBg==&rs=AOn4CLBP0kBDO1-l0ldswF6BQTJ0vEEo9w
Single Arm Dumbbell Rows,https://www.youtube.com/watch?v=ZRSGpBUVcNw,https://i.ytimg.com/vi/ZRSGpBUVcNw/hqdefault.jpg?sqp=-oaymwEcCNACELwBSFXyq4qpAw4IARUAAIhCGAFwAcABBg==&rs=AOn4CLDntdiibGO-xcP37UMWtFklb42mJQ
Plate Weighted Plank,https://www.youtube.com/watch?v=aET_xBkImX8,https://i.ytimg.com/vi/aET_xBkImX8/hqdefault.jpg?sqp=-oaymwEcCNACELwBSFXyq4qpAw4IARUAAIhCGAFwAcABBg==&rs=AOn4CLASSm2aJ1Qag2QqUOxKeK0fPReZug
Decline Sit Ups,https://www.youtube.com/watch?v=N7hf1_vcX5w,https://i.ytimg.com/vi/N7hf1_vcX5w/hqdefault.jpg?sqp=-oaymwEcCNACELwBSFXyq4qpAw4IARUAAIhCGAFwAcABBg==&rs=AOn4CLDTN7hh6AgS547bCK39DcJgJAkbGQ
T Bar Rows (Landmine Rows),https://www.youtube.com/watch?v=hYo72r8Ivso,https://i.ytimg.com/vi/hYo72r8Ivso/hqdefault.jpg?sqp=-oaymwEcCNACELwBSFXyq4qpAw4IARUAAIhCGAFwAcABBg==&rs=AOn4CLBXGPGe3AZg4wf_eoVScUZU-55EcA
Lat Pulldown,https://www.youtube.com/watch?v=JGeRYIZdojU,https://i.ytimg.com/vi/JGeRYIZdojU/hqdefault.jpg?sqp=-oaymwEcCNACELwBSFXyq4qpAw4IARUAAIhCGAFwAcABBg==&rs=AOn4CLAH8Z6jAzrtz-oj74PNGW3pwLBa6w
Single Lat Pulldowns,https://www.youtube.com/watch?v=LPahgWM7eUU,https://i.ytimg.com/vi/LPahgWM7eUU/hqdefault.jpg?sqp=-oaymwEcCNACELwBSFXyq4qpAw4IARUAAIhCGAFwAcABBg==&rs=AOn4CLD37ju6bqqlIzzl-bpeYOLY3jD4AA
Straight Arm Lat Pulldowns,https://www.youtube.com/watch?v=ey9Fv3FGrRg,https://i.ytimg.com/vi/ey9Fv3FGrRg/hqdefault.jpg?sqp=-oaymwEcCNACELwBSFXyq4qpAw4IARUAAIhCGAFwAcABBg==&rs=AOn4CLCBazQUInE-8g8wqCoeFYiblJrIhQ
Kneeling Lat Pulldowns,https://www.youtube.com/watch?v=VIJPZ8m0EDM,https://i.ytimg.com/vi/VIJPZ8m0EDM/hqdefault.jpg?sqp=-oaymwEcCNACELwBSFXyq4qpAw4IARUAAIhCGAFwAcABBg==&rs=AOn4CLB-wTs8iVp8WTGhl18JklV6Ycciwg
Swiss Ball Crunches,https://www.youtube.com/watch?v=O4d3kd1ZLyc,https://i.ytimg.com/vi/O4d3kd1ZLyc/hqdefault.jpg?sqp=-oaymwEcCNACELwBSFXyq4qpAw4IARUAAIhCGAFwAcABBg==&rs=AOn4CLCzkuVjp3asrZCL_vP_e8r6D6SXMw
Pallof Press,https://www.youtube.com/watch?v=HXrLaqNIkTs,https://i.ytimg.com/vi/HXrLaqNIkTs/hqdefault.jpg?sqp=-oaymwEcCNACELwBSFXyq4qpAw4IARUAAIhCGAFwAcABBg==&rs=AOn4CLBhOIM_98w29YKBe3ZbbxeO801Fcw
Deadbugs,https://www.youtube.com/watch?v=9RK9UUgKIQE,https://i.ytimg.com/vi/9RK9UUgKIQE/hqdefault.jpg?sqp=-oaymwEcCNACELwBSFXyq4qpAw4IARUAAIhCGAFwAcABBg==&rs=AOn4CLDm2tTdH0Mm4iqytv5GlbOur0xVAA
b Wheel Roll Outs,https://www.youtube.com/watch?v=SBO5aFR09D4,https://i.ytimg.com/vi/SBO5aFR09D4/hqdefault.jpg?sqp=-oaymwEcCNACELwBSFXyq4qpAw4IARUAAIhCGAFwAcABBg==&rs=AOn4CLBMg3NGQ3QpLavOqFXhwE2zdYzXlA
45 Degree Leg Press,https://www.youtube.com/watch?v=q4W4_VJbKW0,https://i.ytimg.com/vi/q4W4_VJbKW0/hqdefault.jpg?sqp=-oaymwEcCNACELwBSFXyq4qpAw4IARUAAIhCGAFwAcABBg==&rs=AOn4CLD35rqHwmwelfppWjF7SExGzy0QQQ
Renegade Row,https://www.youtube.com/watch?v=Q28cLuweLv4,https://i.ytimg.com/vi/Q28cLuweLv4/hqdefault.jpg?sqp=-oaymwEcCNACELwBSFXyq4qpAw4IARUAAIhCGAFwAcABBg==&rs=AOn4CLBt09mi0kpTX5XZgLIBRB8Vh7tSpA
Dumbbell Hip Thrust,https://www.youtube.com/watch?v=ETnhBWeWK74,https://i.ytimg.com/vi/ETnhBWeWK74/hqdefault.jpg?sqp=-oaymwEcCNACELwBSFXyq4qpAw4IARUAAIhCGAFwAcABBg==&rs=AOn4CLCtW9RNTIQYi3uTUTZ-GRtNEAQWug
Single Leg Hip Thrusts,https://www.youtube.com/watch?v=1u-b25VJVFU,https://i.ytimg.com/vi/1u-b25VJVFU/hqdefault.jpg?sqp=-oaymwEcCNACELwBSFXyq4qpAw4IARUAAIhCGAFwAcABBg==&rs=AOn4CLC-k0LgPngJiESqFq6pjvMiYySvwA
Superman Exercises,https://www.youtube.com/watch?v=kTMBsUwEGPM,https://i.ytimg.com/vi/kTMBsUwEGPM/hqdefault.jpg?sqp=-oaymwEcCNACELwBSFXyq4qpAw4IARUAAIhCGAFwAcABBg==&rs=AOn4CLBZ6BxRWOfPXMcEDyZph0sEpNUUqg
Renegade Rows,https://www.youtube.com/watch?v=iwxg2SA8_OY,https://i.ytimg.com/vi/iwxg2SA8_OY/hqdefault.jpg?sqp=-oaymwEcCNACELwBSFXyq4qpAw4IARUAAIhCGAFwAcABBg==&rs=AOn4CLDNtvEiOZeLukTHnRdbry7DaQJ5Jg
Pull Ups,https://www.youtube.com/watch?v=PHdHnZcbsB8,https://i.ytimg.com/vi/PHdHnZcbsB8/hqdefault.jpg?sqp=-oaymwEcCNACELwBSFXyq4qpAw4IARUAAIhCGAFwAcABBg==&rs=AOn4CLCw2B8CPcfAVFHe6Kwrop2y4WcwPA
Chest Dips,https://www.youtube.com/watch?v=2HYAeF6o7Bc,https://i.ytimg.com/vi/2HYAeF6o7Bc/hqdefault.jpg?sqp=-oaymwEcCNACELwBSFXyq4qpAw4IARUAAIhCGAFwAcABBg==&rs=AOn4CLC60gkPP7kajCvHM3Gbxn0wjD-OvQ
Box Jumps,https://www.youtube.com/watch?v=k7dmYdknbac,https://i.ytimg.com/vi/k7dmYdknbac/hqdefault.jpg?sqp=-oaymwEcCNACELwBSFXyq4qpAw4IARUAAIhCGAFwAcABBg==&rs=AOn4CLBy-7cXWM6BQxvvlRLbyIOGo-ONGQ
Loaded Wall Sits,https://www.youtube.com/watch?v=wXlspsRz7r8,https://i.ytimg.com/vi/wXlspsRz7r8/hqdefault.jpg?sqp=-oaymwEcCNACELwBSFXyq4qpAw4IARUAAIhCGAFwAcABBg==&rs=AOn4CLA4DyCOHXWuAyWVigWkU3hDcyjTJg
Dumbbell Hamstring Curls,https://www.youtube.com/watch?v=z6MvXsikOk0,https://i.ytimg.com/vi/z6MvXsikOk0/hqdefault.jpg?sqp=-oaymwEcCNACELwBSFXyq4qpAw4IARUAAIhCGAFwAcABBg==&rs=AOn4CLBG5HC2BZYVQGZMH8MvSAPtZtZjgQ
Barbell Shrugs,https://www.youtube.com/watch?v=larn3Asl6oM,https://i.ytimg.com/vi/larn3Asl6oM/hqdefault.jpg?sqp=-oaymwEcCNACELwBSFXyq4qpAw4IARUAAIhCGAFwAcABBg==&rs=AOn4CLCCy2Uvd4uhDjBvicVQ_LOpVDqErQ
Smith Machine Hack Squats,https://www.youtube.com/watch?v=zZj-ibOLJHs,https://i.ytimg.com/vi/zZj-ibOLJHs/hqdefault.jpg?sqp=-oaymwEcCNACELwBSFXyq4qpAw4IARUAAIhCGAFwAcABBg==&rs=AOn4CLD30FlW8-kQKpBmbFIxL_gmho0d0g
Hanging Leg Raises,https://www.youtube.com/watch?v=Yrtvs-nEnk0,https://i.ytimg.com/vi/Yrtvs-nEnk0/hqdefault.jpg?sqp=-oaymwEcCNACELwBSFXyq4qpAw4IARUAAIhCGAFwAcABBg==&rs=AOn4CLCRAhFgojmC2yzGN9RiaIZqtmG4lQ
Hanging Knee Raises,https://www.youtube.com/watch?v=O7iDA3ory-w,https://i.ytimg.com/vi/O7iDA3ory-w/hqdefault.jpg?sqp=-oaymwEcCNACELwBSFXyq4qpAw4IARUAAIhCGAFwAcABBg==&rs=AOn4CLCGD0ZDI-GtmlcFh_kD7PcbDIHyhw
Gorilla Rows,https://www.youtube.com/watch?v=01z4jm3ClZc,https://i.ytimg.com/vi/01z4jm3ClZc/hqdefault.jpg?sqp=-oaymwEcCNACELwBSFXyq4qpAw4IARUAAIhCGAFwAcABBg==&rs=AOn4CLAnmGisi7WnY6aFLoOmiXYjvxtN0A
Weighted Chest Dips,https://www.youtube.com/watch?v=IUpu0oK_lxI,https://i.ytimg.com/vi/IUpu0oK_lxI/hqdefault.jpg?sqp=-oaymwEcCNACELwBSFXyq4qpAw4IARUAAIhCGAFwAcABBg==&rs=AOn4CLCCyBgWse2Gg1VdisleaWUtrlry5g
Dumbbell Burpees,https://www.youtube.com/watch?v=QfYr_83JdgI,https://i.ytimg.com/vi/QfYr_83JdgI/hqdefault.jpg?sqp=-oaymwEcCNACELwBSFXyq4qpAw4IARUAAIhCGAFwAcABBg==&rs=AOn4CLDURXNnavNhzrE0ISLIBDtmHCdmiQ
The Devils Press,https://www.youtube.com/watch?v=ghacPZ9fuFU,https://i.ytimg.com/vi/ghacPZ9fuFU/hqdefault.jpg?sqp=-oaymwEcCNACELwBSFXyq4qpAw4IARUAAIhCGAFwAcABBg==&rs=AOn4CLCiS4KOIBRW1tbg00thxgB6J3m8aA
Burpee Broad Jumps,https://www.youtube.com/watch?v=4JjCzeWN_Z4,https://i.ytimg.com/vi/4JjCzeWN_Z4/hqdefault.jpg?sqp=-oaymwEcCNACELwBSFXyq4qpAw4IARUAAIhCGAFwAcABBg==&rs=AOn4CLAXVjbOk7qmH6rFcktgFf5W3Rq_1w
Burpee Tuck Jumps,https://www.youtube.com/watch?v=oCiw2T6GYEU,https://i.ytimg.com/vi/oCiw2T6GYEU/hqdefault.jpg?sqp=-oaymwEcCNACELwBSFXyq4qpAw4IARUAAIhCGAFwAcABBg==&rs=AOn4CLBUvV_msR9MM7ePp8WgBO3h74s5mQ
Tuck Jumps,https://www.youtube.com/watch?v=3-5Vmrp3yGE,https://i.ytimg.com/vi/3-5Vmrp3yGE/hqdefault.jpg?sqp=-oaymwEcCNACELwBSFXyq4qpAw4IARUAAIhCGAFwAcABBg==&rs=AOn4CLBQaxHHdY25FXq0u-C8rwZ3296riQ
The Sled Push,https://www.youtube.com/watch?v=QwscR2BhdEg,https://i.ytimg.com/vi/QwscR2BhdEg/hqdefault.jpg?sqp=-oaymwEcCNACELwBSFXyq4qpAw4IARUAAIhCGAFwAcABBg==&rs=AOn4CLAaSEXyW7fB_CBYvc0ge1pjsC86Vw
Straight Arm Sled Push,https://www.youtube.com/watch?v=E6mhG8zzYEY,https://i.ytimg.com/vi/E6mhG8zzYEY/hqdefault.jpg?sqp=-oaymwEcCNACELwBSFXyq4qpAw4IARUAAIhCGAFwAcABBg==&rs=AOn4CLBpQb8C0bgj5sDNZ_ARABfsBex4cQ
The Sled Pull,https://www.youtube.com/watch?v=BSJIKV7h5po,https://i.ytimg.com/vi/BSJIKV7h5po/hqdefault.jpg?sqp=-oaymwEcCNACELwBSFXyq4qpAw4IARUAAIhCGAFwAcABBg==&rs=AOn4CLAx7Mk2EeveqpF_djyzvzhgUp8z_A
How To Sled Pull And Push,https://www.youtube.com/watch?v=4eAG1jf1JHY,https://i.ytimg.com/vi/4eAG1jf1JHY/hqdefault.jpg?sqp=-oaymwEcCNACELwBSFXyq4qpAw4IARUAAIhCGAFwAcABBg==&rs=AOn4CLAQOQN4SHZiUnY6yH6DlMcEXJBVlw
High Knee Skips (Jump Rope),https://www.youtube.com/watch?v=Wf26oKiPh2I,https://i.ytimg.com/vi/Wf26oKiPh2I/hqdefault.jpg?sqp=-oaymwEcCNACELwBSFXyq4qpAw4IARUAAIhCGAFwAcABBg==&rs=AOn4CLC_AkcYO1n_kjf-gvQIU79nbadLSg
Jump Rope Crossovers,https://www.youtube.com/watch?v=_rSDOng3Srw,https://i.ytimg.com/vi/_rSDOng3Srw/hqdefault.jpg?sqp=-oaymwEcCNACELwBSFXyq4qpAw4IARUAAIhCGAFwAcABBg==&rs=AOn4CLDln8Q7xuSpioFywOXkgHIpWhTv4A
How To Skip Rope (Single Unders),https://www.youtube.com/watch?v=yXIy2ueZtmY,https://i.ytimg.com/vi/yXIy2ueZtmY/hqdefault.jpg?sqp=-oaymwEcCNACELwBSFXyq4qpAw4IARUAAIhCGAFwAcABBg==&rs=AOn4CLB7MPko6PkNMruwxc9e9u2oyz8Mqw
Jumping Jacks,https://www.youtube.com/watch?v=ttVmvj88Zwc,https://i.ytimg.com/vi/ttVmvj88Zwc/hqdefault.jpg?sqp=-oaymwEcCNACELwBSFXyq4qpAw4IARUAAIhCGAFwAcABBg==&rs=AOn4CLCaHj00s8xSddgjtUx0J2as6gQ83A
Press Jacks,https://www.youtube.com/watch?v=dYyFD8M5rQo,https://i.ytimg.com/vi/dYyFD8M5rQo/hqdefault.jpg?sqp=-oaymwEcCNACELwBSFXyq4qpAw4IARUAAIhCGAFwAcABBg==&rs=AOn4CLDkg6fEcKPNKD9-qOArmlNvTyHmNQ
Squat Jacks,https://www.youtube.com/watch?v=ekDtH6yQZm0,https://i.ytimg.com/vi/ekDtH6yQZm0/hqdefault.jpg?sqp=-oaymwEcCNACELwBSFXyq4qpAw4IARUAAIhCGAFwAcABBg==&rs=AOn4CLDCw_TUVqmcNrbEafRzPLo2h1awSw
Hanging L Sit Holds,https://www.youtube.com/watch?v=LNYjR0XD1Fg,https://i.ytimg.com/vi/LNYjR0XD1Fg/hqdefault.jpg?sqp=-oaymwEcCNACELwBSFXyq4qpAw4IARUAAIhCGAFwAcABBg==&rs=AOn4CLBePQ3QAEMLT2JplZuscKLY0tO_Tg
Double Unders (Jump Rope),https://www.youtube.com/watch?v=Cp1VuSOLZ98,https://i.ytimg.com/vi/Cp1VuSOLZ98/hqdefault.jpg?sqp=-oaymwEcCNACELwBSFXyq4qpAw4IARUAAIhCGAFwAcABBg==&rs=AOn4CLDjd6xFY-WE2PHSk1Av61VC0DqsSw
Hanging Tuck Holds,https://www.youtube.com/watch?v=DtH3vuh65Iw,https://i.ytimg.com/vi/DtH3vuh65Iw/hqdefault.jpg?sqp=-oaymwEcCNACELwBSFXyq4qpAw4IARUAAIhCGAFwAcABBg==&rs=AOn4CLAssJln5WpihktH-JNR3aLXwWU-GQ
Nordic Curls,https://www.youtube.com/watch?v=Wo746janD2E,https://i.ytimg.com/vi/Wo746janD2E/hqdefault.jpg?sqp=-oaymwEcCNACELwBSFXyq4qpAw4IARUAAIhCGAFwAcABBg==&rs=AOn4CLCr58n34mT4D9ddyKritRQ9GCOxrA
Squat Snatch,https://www.youtube.com/watch?v=Iy0vPROslAA,https://i.ytimg.com/vi/Iy0vPROslAA/hqdefault.jpg?sqp=-oaymwEcCNACELwBSFXyq4qpAw4IARUAAIhCGAFwAcABBg==&rs=AOn4CLCEzihqH7Y5v5Jjy3en6lNjPSZicQ
Power Jerk,https://www.youtube.com/watch?v=ZslkwzxEt7Y,https://i.ytimg.com/vi/ZslkwzxEt7Y/hqdefault.jpg?sqp=-oaymwEcCNACELwBSFXyq4qpAw4IARUAAIhCGAFwAcABBg==&rs=AOn4CLCNZEFEwm-7t2om6zNCUjsd8TTTZQ
Squat Clean,https://www.youtube.com/watch?v=spoMy7zsMDY,https://i.ytimg.com/vi/spoMy7zsMDY/hqdefault.jpg?sqp=-oaymwEcCNACELwBSFXyq4qpAw4IARUAAIhCGAFwAcABBg==&rs=AOn4CLAroaC9mS3ZoSfhSUnMfHkPDpMGbg
Split Jerk,https://www.youtube.com/watch?v=kjlCcOQo_hk,https://i.ytimg.com/vi/kjlCcOQo_hk/hqdefault.jpg?sqp=-oaymwEcCNACELwBSFXyq4qpAw4IARUAAIhCGAFwAcABBg==&rs=AOn4CLBInSCSG5N3XtgcSZWHupxGgpO60g
Power Snatch,https://www.youtube.com/watch?v=vUbUbRNH2s0,https://i.ytimg.com/vi/vUbUbRNH2s0/hqdefault.jpg?sqp=-oaymwEcCNACELwBSFXyq4qpAw4IARUAAIhCGAFwAcABBg==&rs=AOn4CLBJZKA5NMgOq2LpBmIxD3c9QTotIA
"Muscle, Power, & Squat Snatch Complex",https://www.youtube.com/watch?v=nB6IjOWJHD4,https://i.ytimg.com/vi/nB6IjOWJHD4/hqdefault.jpg?sqp=-oaymwEcCNACELwBSFXyq4qpAw4IARUAAIhCGAFwAcABBg==&rs=AOn4CLAewfEyJZeswYnSCYv2mXT4f4HKLQ
"Muscle, Power, & Squat Clean Complex",https://www.youtube.com/watch?v=3XrlAEIl5Mc,https://i.ytimg.com/vi/3XrlAEIl5Mc/hqdefault.jpg?sqp=-oaymwEcCNACELwBSFXyq4qpAw4IARUAAIhCGAFwAcABBg==&rs=AOn4CLC8nlTz4an9JYenMqDY5AfFjm5yTA
Muscle Clean,https://www.youtube.com/watch?v=j2LpRbiHodM,https://i.ytimg.com/vi/j2LpRbiHodM/hqdefault.jpg?sqp=-oaymwEcCNACELwBSFXyq4qpAw4IARUAAIhCGAFwAcABBg==&rs=AOn4CLAChX3xMfzN1REcAi6usqkrXWTN_A
Muscle Clean And Strict Press,https://www.youtube.com/watch?v=nWGPS9ofzHM,https://i.ytimg.com/vi/nWGPS9ofzHM/hqdefault.jpg?sqp=-oaymwEcCNACELwBSFXyq4qpAw4IARUAAIhCGAFwAcABBg==&rs=AOn4CLDK4ZoQA7XJvLyDMcLiio-cEqXv7g
Kettlebell Cleans,https://www.youtube.com/watch?v=xZyGP55NkAo,https://i.ytimg.com/vi/xZyGP55NkAo/hqdefault.jpg?sqp=-oaymwEcCNACELwBSFXyq4qpAw4IARUAAIhCGAFwAcABBg==&rs=AOn4CLDjEyfUg6pUUTGY3oCwr_kGMs7mdw
Shrimp Squat,https://www.youtube.com/watch?v=Q3_fSwTF6lw,https://i.ytimg.com/vi/Q3_fSwTF6lw/hqdefault.jpg?sqp=-oaymwEcCNACELwBSFXyq4qpAw4IARUAAIhCGAFwAcABBg==&rs=AOn4CLBnyvJPKKvPhhmZabeFT64Clk2wkg
Banded Pull Ups,https://www.youtube.com/watch?v=JpsiZGnlQ_4,https://i.ytimg.com/vi/JpsiZGnlQ_4/hqdefault.jpg?sqp=-oaymwEcCNACELwBSFXyq4qpAw4IARUAAIhCGAFwAcABBg==&rs=AOn4CLCLVBsdkLgVsBqDHTfnQ4cNo_Cu-g
Muscle Up,https://www.youtube.com/watch?v=sgfzJmZiT7k,https://i.ytimg.com/vi/sgfzJmZiT7k/hqdefault.jpg?sqp=-oaymwEcCNACELwBSFXyq4qpAw4IARUAAIhCGAFwAcABBg==&rs=AOn4CLBGmeekGuCx3H25scCsYS93ej9sEA
Kipping Muscle Up,https://www.youtube.com/watch?v=WujGQGrANp4,https://i.ytimg.com/vi/WujGQGrANp4/hqdefault.jpg?sqp=-oaymwEcCNACELwBSFXyq4qpAw4IARUAAIhCGAFwAcABBg==&rs=AOn4CLBoWg-CH2Php3gaRwdBWxifpcw66Q
Toes To Bar Exercise,https://www.youtube.com/watch?v=UmWDstJQz9Y,https://i.ytimg.com/vi/UmWDstJQz9Y/hqdefault.jpg?sqp=-oaymwEcCNACELwBSFXyq4qpAw4IARUAAIhCGAFwAcABBg==&rs=AOn4CLCtkHTVCbot3eZbG9ANXvQ9Lg02UQ
Negative Pull Ups,https://www.youtube.com/watch?v=jBSMDqs7OzM,https://i.ytimg.com/vi/jBSMDqs7OzM/hqdefault.jpg?sqp=-oaymwEcCNACELwBSFXyq4qpAw4IARUAAIhCGAFwAcABBg==&rs=AOn4CLDUMNfsCH-m4aZYGaPFwXLPDX4_ag
Seated Pistols,https://www.youtube.com/watch?v=VO9cvFmQ1qw,https://i.ytimg.com/vi/VO9cvFmQ1qw/hqdefault.jpg?sqp=-oaymwEcCNACELwBSFXyq4qpAw4IARUAAIhCGAFwAcABBg==&rs=AOn4CLBz1W0wFnv68fuQUi6Dad_8SgF81Q
Cat Cow Stretch,https://www.youtube.com/watch?v=CE_5RWjFA3Q,https://i.ytimg.com/vi/CE_5RWjFA3Q/hqdefault.jpg?sqp=-oaymwEcCNACELwBSFXyq4qpAw4IARUAAIhCGAFwAcABBg==&rs=AOn4CLB9Oj-nyyhYKBywHtZukG3YAfyYmQ
Cobra Pose,https://www.youtube.com/watch?v=YYudWYM5Q9g,https://i.ytimg.com/vi/YYudWYM5Q9g/hqdefault.jpg?sqp=-oaymwEcCNACELwBSFXyq4qpAw4IARUAAIhCGAFwAcABBg==&rs=AOn4CLB9bwkLqfATLRFBzkNchgE1sZ7pJQ
Puppy Pose,https://www.youtube.com/watch?v=szi5tN8NpKY,https://i.ytimg.com/vi/szi5tN8NpKY/hqdefault.jpg?sqp=-oaymwEcCNACELwBSFXyq4qpAw4IARUAAIhCGAFwAcABBg==&rs=AOn4CLA7qLGFdYX0-7JOmvk7IS9V2Ri41A
Camel Pose,https://www.youtube.com/watch?v=P8M_RoxskH8,https://i.ytimg.com/vi/P8M_RoxskH8/hqdefault.jpg?sqp=-oaymwEcCNACELwBSFXyq4qpAw4IARUAAIhCGAFwAcABBg==&rs=AOn4CLDoP97zF1fY_UafzFASiwMA70kaRw
Wheel Pose,https://www.youtube.com/watch?v=IzT5nMbFQQc,https://i.ytimg.com/vi/IzT5nMbFQQc/hqdefault.jpg?sqp=-oaymwEcCNACELwBSFXyq4qpAw4IARUAAIhCGAFwAcABBg==&rs=AOn4CLA0orHs_OVeW-XjdvwlmmcJt9DKwg
Lying Chest Stretch,https://www.youtube.com/watch?v=EIbudx3gqV8,https://i.ytimg.com/vi/EIbudx3gqV8/hqdefault.jpg?sqp=-oaymwEcCNACELwBSFXyq4qpAw4IARUAAIhCGAFwAcABBg==&rs=AOn4CLAbUoydvaXVr1uQeTNjxrRru4jZZQ
Standing Chest Stretch,https://www.youtube.com/watch?v=TJ4fI47CVWo,https://i.ytimg.com/vi/TJ4fI47CVWo/hqdefault.jpg?sqp=-oaymwEcCNACELwBSFXyq4qpAw4IARUAAIhCGAFwAcABBg==&rs=AOn4CLDU2Rr_hnru8vibFBaQT-sBMnTgWw
Shoulder Dislocates,https://www.youtube.com/watch?v=GTf_xy8QJi8,https://i.ytimg.com/vi/GTf_xy8QJi8/hqdefault.jpg?sqp=-oaymwEcCNACELwBSFXyq4qpAw4IARUAAIhCGAFwAcABBg==&rs=AOn4CLDhhY4ZF4qA6O-7XbLaTWsATYDKEQ
Overhead Tricep Stretch,https://www.youtube.com/watch?v=cPTrm13hSSo,https://i.ytimg.com/vi/cPTrm13hSSo/hqdefault.jpg?sqp=-oaymwEcCNACELwBSFXyq4qpAw4IARUAAIhCGAFwAcABBg==&rs=AOn4CLA2IpCF9Ay6XLKErmVHB1ulQ1MeZg
90 90 Hip Rotations,https://www.youtube.com/watch?v=f_7qIPxw6nE,https://i.ytimg.com/vi/f_7qIPxw6nE/hqdefault.jpg?sqp=-oaymwEcCNACELwBSFXyq4qpAw4IARUAAIhCGAFwAcABBg==&rs=AOn4CLDr7PsxBNlmL3JclVZSw0zlfOtM6A
Figure 4 Stretch,https://www.youtube.com/watch?v=VgjgTGnBkx0,https://i.ytimg.com/vi/VgjgTGnBkx0/hqdefault.jpg?sqp=-oaymwEcCNACELwBSFXyq4qpAw4IARUAAIhCGAFwAcABBg==&rs=AOn4CLBWBwGllNc_0HquOWLphxOWk_2azw
Pigeon Pose Stretch,https://www.youtube.com/watch?v=wePPX_zzYKY,https://i.ytimg.com/vi/wePPX_zzYKY/hqdefault.jpg?sqp=-oaymwEcCNACELwBSFXyq4qpAw4IARUAAIhCGAFwAcABBg==&rs=AOn4CLDUyVo_ZyyQSnnV_E0E7bDUfkoBDw
Frog Splits,https://www.youtube.com/watch?v=0CH1NVeNJbw,https://i.ytimg.com/vi/0CH1NVeNJbw/hqdefault.jpg?sqp=-oaymwEcCNACELwBSFXyq4qpAw4IARUAAIhCGAFwAcABBg==&rs=AOn4CLBhd1DJjpPMeuBVhT1sm3UF-wrWjQ
Cossack Squat,https://www.youtube.com/watch?v=51slmzoEVt8,https://i.ytimg.com/vi/51slmzoEVt8/hqdefault.jpg?sqp=-oaymwEcCNACELwBSFXyq4qpAw4IARUAAIhCGAFwAcABBg==&rs=AOn4CLB-_XK3G9LsEjiyIxXyr5Lvoz2b6w
Kneeling Lunge (Hip Flexor Stretch),https://www.youtube.com/watch?v=iZ1eZBY4fwM,https://i.ytimg.com/vi/iZ1eZBY4fwM/hqdefault.jpg?sqp=-oaymwEcCNACELwBSFXyq4qpAw4IARUAAIhCGAFwAcABBg==&rs=AOn4CLBj6Un6GKcWjGATqhduzjAJao5RAQ
Runners Lunge,https://www.youtube.com/watch?v=jpSETKAVNY4,https://i.ytimg.com/vi/jpSETKAVNY4/hqdefault.jpg?sqp=-oaymwEcCNACELwBSFXyq4qpAw4IARUAAIhCGAFwAcABBg==&rs=AOn4CLDx00HDFcVEEqWvp4_ZvF2wCc9bgA
Standing Quad Stretch,https://www.youtube.com/watch?v=kzAsm4WQqvQ,https://i.ytimg.com/vi/kzAsm4WQqvQ/hqdefault.jpg?sqp=-oaymwEcCNACELwBSFXyq4qpAw4IARUAAIhCGAFwAcABBg==&rs=AOn4CLCZpxpLbeyoOH77aVpPBpsdo8EE2g
Kneeling Quad Stretch,https://www.youtube.com/watch?v=dLnIM3KDReo,https://i.ytimg.com/vi/dLnIM3KDReo/hqdefault.jpg?sqp=-oaymwEcCNACELwBSFXyq4qpAw4IARUAAIhCGAFwAcABBg==&rs=AOn4CLD8p2j5bT-JSaTdG8Fe0v6oNmH67Q
Elephant Walks (Hamstring Stretch),https://www.youtube.com/watch?v=fnih_6w_JjA,https://i.ytimg.com/vi/fnih_6w_JjA/hqdefault.jpg?sqp=-oaymwEcCNACELwBSFXyq4qpAw4IARUAAIhCGAFwAcABBg==&rs=AOn4CLDz3wk8zCg8WhuMca2RMG02apoEMg
Elephant Walks,https://www.youtube.com/watch?v=3LRh4z8m5F4,https://i.ytimg.com/vi/3LRh4z8m5F4/hqdefault.jpg?sqp=-oaymwEcCNACELwBSFXyq4qpAw4IARUAAIhCGAFwAcABBg==&rs=AOn4CLCJWT333Kxqqzx7sD9s0s1Rb22Q3A
Inch Worm Exercise,https://www.youtube.com/watch?v=aFkv2m9FTGs,https://i.ytimg.com/vi/aFkv2m9FTGs/hqdefault.jpg?sqp=-oaymwEcCNACELwBSFXyq4qpAw4IARUAAIhCGAFwAcABBg==&rs=AOn4CLB_veRCGyGFwHT0ftKoNAd5qioK_A
Leg Swings,https://www.youtube.com/watch?v=difYoBtZi2s,https://i.ytimg.com/vi/difYoBtZi2s/hqdefault.jpg?sqp=-oaymwEcCNACELwBSFXyq4qpAw4IARUAAIhCGAFwAcABBg==&rs=AOn4CLBpJD0jAA3WuMOPQj3RlFpUmLDaPw
Lying Hamstring Stretch,https://www.youtube.com/watch?v=5P3E8Pec_L8,https://i.ytimg.com/vi/5P3E8Pec_L8/hqdefault.jpg?sqp=-oaymwEcCNACELwBSFXyq4qpAw4IARUAAIhCGAFwAcABBg==&rs=AOn4CLAEGX3dpPMXRD-LONYJsSk3HXcOeA
Standing Hamstring Stretch,https://www.youtube.com/watch?v=fsZebJN-gqk,https://i.ytimg.com/vi/fsZebJN-gqk/hqdefault.jpg?sqp=-oaymwEcCNACELwBSFXyq4qpAw4IARUAAIhCGAFwAcABBg==&rs=AOn4CLCbxqQOVw0gj-aS4ypmUsUnR0d-nA
Hang Squat Snatch Complex,https://www.youtube.com/watch?v=9Ks-NyosB-Y,https://i.ytimg.com/vi/9Ks-NyosB-Y/hqdefault.jpg?sqp=-oaymwEcCNACELwBSFXyq4qpAw4IARUAAIhCGAFwAcABBg==&rs=AOn4CLBclEQuczz-T-DT46JMiiXLGxZ3Fg
Hang Power Snatch Complex,https://www.youtube.com/watch?v=sTVLg3zq_WY,https://i.ytimg.com/vi/sTVLg3zq_WY/hqdefault.jpg?sqp=-oaymwEcCNACELwBSFXyq4qpAw4IARUAAIhCGAFwAcABBg==&rs=AOn4CLB90VRhBMS-pcpvZEWq-uogf7sUCQ
Dumbbell Squat Cleans,https://www.youtube.com/watch?v=chES6BtEBVU,https://i.ytimg.com/vi/chES6BtEBVU/hqdefault.jpg?sqp=-oaymwEcCNACELwBSFXyq4qpAw4IARUAAIhCGAFwAcABBg==&rs=AOn4CLDCwlBJuev7uTacYgr5sETptOqFvA
Dumbbell Cleans,https://www.youtube.com/watch?v=5xJjJzdO-oE,https://i.ytimg.com/vi/5xJjJzdO-oE/hqdefault.jpg?sqp=-oaymwEcCNACELwBSFXyq4qpAw4IARUAAIhCGAFwAcABBg==&rs=AOn4CLAoSOcvddgg2f2tRzVv19IGFrUmtg
Dumbbell Snatch,https://www.youtube.com/watch?v=gY7awqQmWlg,https://i.ytimg.com/vi/gY7awqQmWlg/hqdefault.jpg?sqp=-oaymwEcCNACELwBSFXyq4qpAw4IARUAAIhCGAFwAcABBg==&rs=AOn4CLCo4XSDuytncophSL7DZ0sg4dNB4w
Back Flexibility Workout Including Bridge,https://www.youtube.com/watch?v=mTpDyQ1e3P0,https://i.ytimg.com/vi/mTpDyQ1e3P0/hqdefault.jpg?sqp=-oaymwE2CNACELwBSFXyq4qpAygIARUAAIhCGAFwAcABBvABAfgB_gmAAtAFigIMCAAQARhbIFsoWzAP&rs=AOn4CLBEEb9npHDcN5XHPcW9_MOi5t-vgQ
